City_ID,City,Country,Date,Lat,Lng,Max Temp,Humidity,Cloudiness,Wind Speed
0,Mayo,US,2022-01-31 19:48:53,38.8876,-76.5119,39.42,56,40,7.0
1,Aksu,CN,2022-01-31 19:48:53,41.1231,80.2644,27.0,44,10,3.69
2,Atuona,PF,2022-01-31 19:48:54,-9.8,-139.0333,78.17,79,7,18.72
3,Lerwick,GB,2022-01-31 19:48:54,60.1545,-1.1494,41.0,80,100,15.23
4,Cherskiy,RU,2022-01-31 19:48:54,68.75,161.3,-20.31,98,100,2.86
5,Yellowknife,CA,2022-01-31 19:47:12,62.456,-114.3525,-9.71,82,20,12.66
6,Port Alfred,ZA,2022-01-31 19:48:55,-33.5906,26.891,75.78,93,100,10.36
7,Lazaro Cardenas,MX,2022-01-31 19:48:55,17.9583,-102.2,81.73,56,0,9.75
8,Vaini,TO,2022-01-31 19:48:55,-21.2,-175.2,79.84,75,100,14.56
9,Hithadhoo,MV,2022-01-31 19:48:56,-0.6,73.0833,82.54,72,35,8.95
10,Rikitea,PF,2022-01-31 19:48:28,-23.1203,-134.9692,77.38,65,100,4.59
11,Hilo,US,2022-01-31 19:48:37,19.7297,-155.09,78.24,58,0,4.61
12,Saint-Philippe,RE,2022-01-31 19:48:42,-21.3585,55.7679,78.39,79,94,15.17
13,Neepawa,CA,2022-01-31 19:48:56,50.2289,-99.4664,18.0,94,100,6.89
14,Buala,SB,2022-01-31 19:48:57,-8.145,159.5921,80.55,80,92,4.21
15,Barrow,US,2022-01-31 19:48:57,71.2906,-156.7887,-11.18,70,0,9.22
16,Mar Del Plata,AR,2022-01-31 19:48:57,-38.0023,-57.5575,68.02,58,75,13.0
17,Ushuaia,AR,2022-01-31 19:48:58,-54.8,-68.3,55.02,66,75,33.38
18,Albany,US,2022-01-31 19:47:02,42.6001,-73.9662,31.57,40,11,1.01
19,Gopalpur,IN,2022-01-31 19:48:58,19.2667,84.9167,69.17,82,18,7.54
20,Livani,LV,2022-01-31 19:48:58,56.3543,26.1758,24.13,94,97,7.34
21,Butaritari,KI,2022-01-31 19:48:59,3.0707,172.7902,81.1,78,95,15.84
22,Zhangjiakou,CN,2022-01-31 19:48:59,40.81,114.8794,6.93,66,4,5.44
23,Hermanus,ZA,2022-01-31 19:48:59,-34.4187,19.2345,77.9,79,23,12.91
24,Yulara,AU,2022-01-31 19:49:00,-25.2406,130.9889,71.44,100,100,16.11
25,Tasiilaq,GL,2022-01-31 19:49:00,65.6145,-37.6368,12.36,96,100,4.23
26,Haines Junction,CA,2022-01-31 19:49:00,60.7522,-137.5108,-25.65,68,96,0.0
27,Burnie,AU,2022-01-31 19:49:01,-41.0667,145.9167,68.92,97,93,5.97
28,Springdale,US,2022-01-31 19:49:01,36.1867,-94.1288,66.25,33,0,15.01
29,Zadar,HR,2022-01-31 19:49:02,44.1197,15.2422,45.21,81,75,16.11
30,Ambon,ID,2022-01-31 19:49:02,-3.6954,128.1814,80.74,78,40,9.22
31,Anadyr,RU,2022-01-31 19:49:02,64.75,177.4833,12.7,67,0,4.47
32,Qaanaaq,GL,2022-01-31 19:49:02,77.484,-69.3632,-20.22,43,0,7.74
33,Bluff,NZ,2022-01-31 19:49:03,-46.6,168.3333,59.81,88,22,3.0
34,Sao Filipe,CV,2022-01-31 19:49:03,14.8961,-24.4956,73.8,74,100,3.49
35,Mount Gambier,AU,2022-01-31 19:44:16,-37.8333,140.7667,60.71,82,40,8.05
36,Kloulklubed,PW,2022-01-31 19:49:04,7.0419,134.2556,81.1,75,100,18.45
37,Teknaf,BD,2022-01-31 19:49:04,20.8624,92.3058,59.77,66,36,9.26
38,Tateyama,JP,2022-01-31 19:49:04,34.9833,139.8667,41.05,51,97,8.77
39,Cape Town,ZA,2022-01-31 19:48:59,-33.9258,18.4232,78.12,76,0,1.01
40,Ponta Do Sol,PT,2022-01-31 19:49:05,32.6667,-17.1,66.0,50,36,13.02
41,Caravelas,BR,2022-01-31 19:49:05,-17.7125,-39.2481,83.08,73,2,11.5
42,Goleta,TN,2022-01-31 19:49:06,36.8181,10.305,57.52,73,0,23.96
43,Znamenskoye,RU,2022-01-31 19:49:06,57.1281,73.8282,8.89,96,96,5.06
44,Berlevag,NO,2022-01-31 19:49:06,70.8578,29.0864,19.4,67,0,10.36
45,Cidreira,BR,2022-01-31 19:50:07,-30.1811,-50.2056,77.67,71,42,7.56
46,New Norfolk,AU,2022-01-31 19:50:07,-42.7826,147.0587,68.76,75,17,1.88
47,Shyroke,UA,2022-01-31 19:50:07,47.6917,33.2571,29.68,87,15,10.4
48,Puerto Ayora,EC,2022-01-31 19:50:08,-0.7393,-90.3518,78.76,90,59,4.0
49,Honningsvag,NO,2022-01-31 19:50:08,70.9821,25.9704,26.35,80,0,16.11
50,Busselton,AU,2022-01-31 19:48:24,-33.65,115.3333,59.04,61,40,14.67
51,Luau,AO,2022-01-31 19:50:09,-10.7073,22.2247,64.31,98,100,4.14
52,Yinchuan,CN,2022-01-31 19:50:09,38.4681,106.2731,18.9,24,78,3.15
53,Arraial Do Cabo,BR,2022-01-31 19:50:09,-22.9661,-42.0278,80.56,89,75,5.75
54,Kapaa,US,2022-01-31 19:50:10,22.0752,-159.319,76.12,76,0,8.05
55,Mundo Nuevo,MX,2022-01-31 19:50:10,18.7,-95.5,72.19,70,1,6.69
56,Zhezkazgan,KZ,2022-01-31 19:50:10,47.8043,67.7144,0.86,100,98,4.72
57,Mehamn,NO,2022-01-31 19:47:19,71.0357,27.8492,26.78,73,0,13.8
58,Acari,PE,2022-01-31 19:50:11,-15.4311,-74.6158,80.28,58,100,11.48
59,Carnarvon,AU,2022-01-31 19:50:11,-24.8667,113.6333,78.87,73,0,20.71
60,Tuktoyaktuk,CA,2022-01-31 19:50:12,69.4541,-133.0374,-13.0,77,100,4.61
61,Colinas,BR,2022-01-31 19:50:12,-6.0258,-44.2492,81.5,85,71,2.24
62,Bubaque,GW,2022-01-31 19:50:13,11.2833,-15.8333,79.05,78,85,17.16
63,Nikolskoye,RU,2022-01-31 19:50:13,59.7035,30.7861,26.4,97,100,5.1
64,Olafsvik,IS,2022-01-31 19:50:13,64.8945,-23.7142,34.61,91,87,2.68
65,La Cruz,MX,2022-01-31 19:50:14,23.9167,-106.9,75.09,39,59,9.17
66,Punta Arenas,CL,2022-01-31 19:50:14,-53.15,-70.9167,50.11,71,75,37.98
67,Gravelbourg,CA,2022-01-31 19:50:14,49.8834,-106.5512,35.87,85,100,24.49
68,Georgetown,MY,2022-01-31 19:50:15,5.4112,100.3354,81.9,85,20,3.0
69,Galiakot,IN,2022-01-31 19:50:15,23.5167,74.0,65.28,57,0,5.06
70,Dikson,RU,2022-01-31 19:50:15,73.5069,80.5464,-5.13,92,100,18.03
71,Bima,ID,2022-01-31 19:50:16,-8.4667,118.7167,75.83,94,64,1.95
72,Rocha,UY,2022-01-31 19:46:50,-34.4833,-54.3333,69.44,51,13,14.25
73,Narsaq,GL,2022-01-31 19:50:16,60.9167,-46.05,22.42,94,100,11.01
74,Tiarei,PF,2022-01-31 19:50:17,-17.5333,-149.3333,80.62,77,19,19.04
75,Guerrero Negro,MX,2022-01-31 19:50:17,27.9769,-114.0611,67.98,43,3,9.19
76,Jamestown,US,2022-01-31 19:48:44,42.097,-79.2353,34.3,30,0,0.0
77,Barcelos,PT,2022-01-31 19:49:33,41.5388,-8.6151,54.84,76,2,6.78
78,Jibuti,DJ,2022-01-31 19:48:55,11.5,42.5,71.02,64,5,9.8
79,Port Elizabeth,ZA,2022-01-31 19:49:22,-33.918,25.5701,77.09,93,100,6.38
80,Tautira,PF,2022-01-31 19:50:18,-17.7333,-149.15,80.62,78,38,19.08
81,Beyneu,KZ,2022-01-31 19:50:18,45.3167,55.2,34.2,82,4,17.74
82,Avarua,CK,2022-01-31 19:50:19,-21.2078,-159.775,80.65,78,100,10.36
83,Adrar,MR,2022-01-31 19:50:19,20.5022,-10.0711,78.4,12,100,11.99
84,Tahta,EG,2022-01-31 19:50:19,26.7693,31.5021,53.4,65,5,8.95
85,Aklavik,CA,2022-01-31 19:45:44,68.2191,-135.0107,3.2,78,100,13.8
86,East London,ZA,2022-01-31 19:49:47,-33.0153,27.9116,77.41,81,100,3.38
87,Alofi,NU,2022-01-31 19:50:20,-19.0595,-169.9187,73.29,94,40,4.61
88,Lavrentiya,RU,2022-01-31 19:50:20,65.5833,-171.0,-2.67,86,43,10.16
89,Bongouanou,CI,2022-01-31 19:50:21,6.6486,-4.1992,77.07,22,97,1.92
90,Ponta Delgada,PT,2022-01-31 19:46:49,37.7333,-25.6667,60.49,77,20,6.91
91,Faanui,PF,2022-01-31 19:51:21,-16.4833,-151.75,80.82,72,0,18.21
92,Victoria,HK,2022-01-31 19:50:45,22.2855,114.1577,57.25,90,100,1.99
93,Tecoanapa,MX,2022-01-31 19:51:21,16.5167,-98.75,83.48,57,0,10.58
94,Husavik,IS,2022-01-31 19:51:22,66.0449,-17.3389,19.31,94,100,5.73
95,Khatanga,RU,2022-01-31 19:51:22,71.9667,102.5,-27.26,100,80,2.62
96,Ixtapa,MX,2022-01-31 19:51:22,20.7,-105.2,87.8,27,0,6.67
97,Bijie,CN,2022-01-31 19:51:23,27.3125,105.2942,32.81,95,100,4.25
98,Saint-Joseph,RE,2022-01-31 19:51:23,-21.3667,55.6167,77.38,79,96,15.93
99,Pizarro,CO,2022-01-31 19:51:23,4.9533,-77.366,80.46,75,82,7.0
100,Airai,TL,2022-01-31 19:51:24,-8.9266,125.4092,59.92,88,91,4.41
101,Vestmannaeyjar,IS,2022-01-31 19:48:31,63.4427,-20.2734,42.37,88,100,32.66
102,West Odessa,US,2022-01-31 19:51:24,31.8424,-102.4988,64.4,47,0,0.0
103,Bredasdorp,ZA,2022-01-31 19:48:10,-34.5322,20.0403,74.28,88,98,10.36
104,Aripuana,BR,2022-01-31 19:51:24,-9.1667,-60.6333,74.7,92,100,2.08
105,Blagoyevo,RU,2022-01-31 19:51:25,63.3667,47.9167,-0.4,99,96,3.69
106,Srednekolymsk,RU,2022-01-31 19:51:25,67.45,153.6833,-16.26,93,100,4.34
107,Mahebourg,MU,2022-01-31 19:51:25,-20.4081,57.7,80.89,78,75,18.41
108,Kerman,IR,2022-01-31 19:51:26,30.2832,57.0788,40.86,42,0,0.0
109,Avera,US,2022-01-31 19:51:26,33.194,-82.5271,61.45,34,92,9.66
110,Tunduma,TZ,2022-01-31 19:51:26,-9.3,32.7667,58.48,97,81,3.56
111,Khandyga,RU,2022-01-31 19:51:27,62.6667,135.6,-33.11,100,86,1.95
112,Sabha,LY,2022-01-31 19:51:27,27.0377,14.4283,50.94,43,0,5.84
113,Manacapuru,BR,2022-01-31 19:51:27,-3.2997,-60.6206,84.78,81,98,4.85
114,Kirundo,BI,2022-01-31 19:51:28,-2.5833,30.1667,63.37,98,100,0.63
115,Kaitangata,NZ,2022-01-31 19:51:28,-46.2817,169.8464,61.54,81,13,1.86
116,Praia Da Vitoria,PT,2022-01-31 19:51:29,38.7333,-27.0667,59.76,88,40,20.13
117,Izumo,JP,2022-01-31 19:51:29,35.3667,132.7667,31.95,74,58,7.58
118,Hasaki,JP,2022-01-31 19:51:29,35.7333,140.8333,30.6,41,40,11.74
119,Nyurba,RU,2022-01-31 19:51:30,63.2842,118.3319,-31.76,100,96,2.66
120,Provideniya,RU,2022-01-31 19:51:30,64.3833,-173.3,3.65,78,92,20.31
121,Kota,IN,2022-01-31 19:51:30,25.1833,75.8333,62.62,49,0,3.65
122,Banyo,CM,2022-01-31 19:51:31,6.75,11.8167,68.2,23,17,3.44
123,Bangui,CF,2022-01-31 19:51:31,4.3612,18.555,80.78,39,20,0.0
124,Sorong,ID,2022-01-31 19:51:31,-0.8833,131.25,78.91,79,100,16.06
125,Esperance,AU,2022-01-31 19:51:32,-33.8667,121.9,60.64,56,90,15.52
126,Sorland,NO,2022-01-31 19:51:32,67.667,12.6934,32.07,58,100,10.18
127,Bafia,CM,2022-01-31 19:51:32,4.75,11.2333,73.44,23,99,1.41
128,Kaeo,NZ,2022-01-31 19:51:33,-35.1,173.7833,70.32,92,100,14.63
129,Beringovskiy,RU,2022-01-31 19:51:33,63.05,179.3167,-2.79,90,100,15.28
130,Saint-Francois,FR,2022-01-31 19:51:33,46.4154,3.9054,37.42,87,0,10.36
131,Pevek,RU,2022-01-31 19:51:34,69.7008,170.3133,-18.56,98,100,1.54
132,Huarmey,PE,2022-01-31 19:51:34,-10.0681,-78.1522,75.45,74,100,10.92
133,Vanimo,PG,2022-01-31 19:51:34,-2.6741,141.3028,74.88,83,100,6.82
134,Fortuna,US,2022-01-31 19:51:35,40.5982,-124.1573,55.47,77,75,5.99
135,Cururupu,BR,2022-01-31 19:51:35,-1.8283,-44.8683,78.71,84,98,4.18
136,Merauke,ID,2022-01-31 19:51:35,-8.4667,140.3333,78.94,82,100,6.17
137,Mahajanga,MG,2022-01-31 19:52:36,-15.7167,46.3167,82.42,89,20,4.61
138,Baykalsk,RU,2022-01-31 19:52:36,51.5058,104.1469,5.13,83,94,4.79
139,Bulungu,CD,2022-01-31 19:52:36,-4.55,18.6,73.87,83,100,2.86
140,Waipawa,NZ,2022-01-31 19:52:37,-41.4122,175.5153,63.93,80,99,5.68
141,Aswan,EG,2022-01-31 19:52:37,24.0934,32.907,54.84,45,0,6.91
142,Pyay,MM,2022-01-31 19:52:37,18.8167,95.2167,60.13,47,6,0.49
143,Portland,US,2022-01-31 19:52:26,45.5234,-122.6762,47.52,83,75,1.01
144,Sitka,US,2022-01-31 19:52:38,57.0531,-135.33,33.69,86,75,0.0
145,San Policarpo,PH,2022-01-31 19:52:38,12.1791,125.5072,78.55,83,75,8.79
146,Ancud,CL,2022-01-31 19:52:38,-41.8697,-73.8203,62.42,63,3,11.16
147,Iqaluit,CA,2022-01-31 19:52:39,63.7506,-68.5145,-27.31,74,20,4.0
148,Sao Joao Da Barra,BR,2022-01-31 19:52:39,-21.6403,-41.0511,89.69,87,98,7.56
149,Ribeira Brava,PT,2022-01-31 19:52:39,32.65,-17.0667,66.0,50,39,14.45
150,Saetre,NO,2022-01-31 19:52:40,59.6817,10.5247,30.99,15,70,3.29
151,Khandbari,NP,2022-01-31 19:52:40,27.3747,87.2039,47.28,87,55,2.59
152,Port Lavaca,US,2022-01-31 19:52:40,28.615,-96.6261,64.06,93,100,9.22
153,Hanzhong,CN,2022-01-31 19:52:41,33.0728,107.0303,38.61,61,99,2.89
154,Bamako,ML,2022-01-31 19:52:41,12.65,-8.0,86.41,11,0,8.05
155,Nizhniy Kuranakh,RU,2022-01-31 19:52:41,58.8353,125.4869,-8.05,99,100,3.58
156,Hami,CN,2022-01-31 19:48:18,42.8,93.45,21.85,37,0,3.62
157,Port Lincoln,AU,2022-01-31 19:52:42,-34.7333,135.8667,63.48,75,17,17.85
158,Vysotsk,RU,2022-01-31 19:52:42,60.6288,28.5705,22.6,94,100,10.4
159,Troitsko-Pechorsk,RU,2022-01-31 19:52:43,62.7084,56.1964,-9.71,100,78,1.97
160,Necochea,AR,2022-01-31 19:48:30,-38.5473,-58.7368,70.03,39,100,9.71
161,North Bend,US,2022-01-31 19:52:43,43.4065,-124.2243,46.24,99,100,5.75
162,Severnyy-Kospashskiy,RU,2022-01-31 19:52:43,59.0925,57.8008,3.97,99,93,3.4
163,Moose Factory,CA,2022-01-31 19:52:44,51.2585,-80.6094,-0.4,55,0,6.91
164,Lasa,IT,2022-01-31 19:52:44,46.6166,10.7002,35.37,93,100,8.66
165,Omsukchan,RU,2022-01-31 19:52:45,62.5333,155.8,-8.99,96,100,5.7
166,Sur,OM,2022-01-31 19:52:45,22.5667,59.5289,72.52,62,0,4.47
167,Luderitz,NA,2022-01-31 19:52:45,-26.6481,15.1594,66.42,85,9,2.8
168,Sibolga,ID,2022-01-31 19:52:46,1.7427,98.7792,75.25,90,26,3.51
169,Kitgum,UG,2022-01-31 19:52:46,3.2783,32.8867,81.64,35,100,8.16
170,Kirkland Lake,CA,2022-01-31 19:50:06,48.1446,-80.0377,8.89,61,97,5.82
171,Mahina,PF,2022-01-31 19:51:08,-17.5065,-149.489,80.37,69,40,9.22
172,Nguru,NG,2022-01-31 19:52:47,12.8791,10.4526,66.33,18,5,10.65
173,Upernavik,GL,2022-01-31 19:52:47,72.7868,-56.1549,-20.18,99,81,2.89
174,Sweetwater,US,2022-01-31 19:52:47,25.7634,-80.3731,71.02,51,75,3.0
175,Klaksvik,FO,2022-01-31 19:52:48,62.2266,-6.589,40.12,98,100,21.74
176,College,US,2022-01-31 19:52:48,64.8569,-147.8028,-21.42,73,0,0.0
177,Jalu,LY,2022-01-31 19:52:48,29.0331,21.5482,57.13,59,83,8.61
178,Paredon,MX,2022-01-31 19:52:49,16.0333,-93.8667,82.38,52,0,7.83
179,Esmeralda,CU,2022-01-31 19:52:49,21.8525,-78.1169,74.07,51,75,12.82
180,Talnakh,RU,2022-01-31 19:52:49,69.4865,88.3972,6.21,95,100,8.86
181,Tessalit,ML,2022-01-31 19:52:50,20.1986,1.0114,69.94,12,0,10.65
182,Laguna,US,2022-01-31 19:53:50,38.421,-121.4238,64.24,61,0,4.0
183,Kutum,SD,2022-01-31 19:53:51,14.2,24.6667,54.95,21,0,13.22
184,Barentu,ER,2022-01-31 19:53:51,15.1139,37.5928,71.22,37,34,6.24
185,Cabo San Lucas,MX,2022-01-31 19:51:43,22.8909,-109.9124,80.62,54,2,3.0
186,Rengasdengklok,ID,2022-01-31 19:53:51,-6.1592,107.2981,80.13,83,100,3.96
187,Mataura,NZ,2022-01-31 19:53:52,-46.1927,168.8643,60.48,78,28,1.7
188,Saldanha,ZA,2022-01-31 19:53:52,-33.0117,17.9442,82.45,69,8,4.68
189,Lekoni,GA,2022-01-31 19:53:52,-1.5843,14.2591,84.7,40,100,2.75
190,Solnechnyy,RU,2022-01-31 19:53:53,50.7214,136.6319,-3.05,99,99,1.77
191,Dalbandin,PK,2022-01-31 19:53:53,28.8947,64.4101,55.51,41,0,7.76
192,Kenai,US,2022-01-31 19:53:53,60.5544,-151.2583,8.02,86,75,6.91
193,Taoudenni,ML,2022-01-31 19:53:54,22.6783,-3.9836,72.59,8,75,11.77
194,Labuhan,ID,2022-01-31 19:53:54,-6.8844,112.2051,77.92,88,100,7.63
195,Ossora,RU,2022-01-31 19:53:54,59.2353,163.0719,19.89,94,100,18.34
196,Nanortalik,GL,2022-01-31 19:53:55,60.1432,-45.2371,25.48,97,100,2.37
197,Chinsali,ZM,2022-01-31 19:53:55,-10.5414,32.0816,62.17,97,87,3.67
198,Kiboga,UG,2022-01-31 19:53:55,0.9161,31.7742,66.83,67,100,4.92
199,Kayerkan,RU,2022-01-31 19:53:56,69.3497,87.7602,5.52,84,99,7.27
200,Bar Harbor,US,2022-01-31 19:53:56,44.3876,-68.2039,28.62,50,0,10.0
201,Mitsamiouli,KM,2022-01-31 19:53:56,-11.3847,43.2844,82.04,73,12,2.48
202,Lexington Park,US,2022-01-31 19:53:57,38.2668,-76.4538,42.91,64,0,1.99
203,Catuday,PH,2022-01-31 19:53:57,16.2923,119.8062,75.31,71,2,10.18
204,Constitucion,CL,2022-01-31 19:53:57,-35.3333,-72.4167,68.9,55,0,15.08
205,Kushmurun,KZ,2022-01-31 19:53:58,52.4503,64.6311,25.18,96,100,12.26
206,Kem,RU,2022-01-31 19:53:58,64.9555,34.5793,18.23,95,100,8.01
207,Vila Franca Do Campo,PT,2022-01-31 19:53:58,37.7167,-25.4333,60.19,79,38,15.97
208,Bengkulu,ID,2022-01-31 19:49:21,-3.8004,102.2655,75.96,86,100,3.83
209,Gornopravdinsk,RU,2022-01-31 19:53:59,60.05,69.9,6.49,98,100,1.74
210,Kemin,KG,2022-01-31 19:53:59,42.7846,75.6892,32.63,69,93,4.65
211,Samarai,PG,2022-01-31 19:53:59,-10.6167,150.6667,80.96,77,100,11.81
212,Castro,BR,2022-01-31 19:54:00,-24.7911,-50.0119,76.39,62,19,2.59
213,Iralaya,HN,2022-01-31 19:54:00,15.0,-83.2333,84.29,62,81,10.78
214,Havre-Saint-Pierre,CA,2022-01-31 19:54:00,50.2334,-63.5986,14.0,67,75,14.97
215,At-Bashi,KG,2022-01-31 19:54:01,41.1702,75.8106,0.0,69,81,2.84
216,Russell,US,2022-01-31 19:54:01,32.3502,-85.1999,69.08,28,0,11.5
217,Ribeira Grande,PT,2022-01-31 19:54:01,38.5167,-28.7,61.2,67,20,23.02
218,Goderich,CA,2022-01-31 19:54:02,43.7501,-81.7165,29.91,59,43,8.05
219,Chuy,UY,2022-01-31 19:54:02,-33.6971,-53.4616,71.69,55,70,16.82
220,Hobart,AU,2022-01-31 19:54:03,-42.8794,147.3294,69.12,88,20,1.01
221,Westport,US,2022-01-31 19:49:56,41.1415,-73.3579,32.92,41,100,3.0
222,Kupang,ID,2022-01-31 19:54:03,-10.1667,123.5833,78.49,84,69,14.74
223,Marawi,PH,2022-01-31 19:54:03,7.9986,124.2928,66.81,96,100,1.07
224,Hirara,JP,2022-01-31 19:54:04,24.8,125.2833,64.83,63,100,14.5
225,Gat,IL,2022-01-31 19:50:04,31.61,34.7642,53.4,100,87,8.81
226,Kruisfontein,ZA,2022-01-31 19:54:04,-34.0033,24.7314,74.88,92,100,3.76
227,Ahipara,NZ,2022-01-31 19:55:04,-35.1667,173.1667,68.79,93,100,14.5
228,Charsadda,PK,2022-01-31 19:55:05,34.1435,71.7317,48.81,45,0,3.89
229,Saint George,US,2022-01-31 19:52:00,37.1041,-113.5841,63.32,24,0,1.99
230,Kokopo,PG,2022-01-31 19:55:05,-4.352,152.2633,77.0,86,94,5.95
231,Finspang,SE,2022-01-31 19:55:06,58.7058,15.7674,24.76,60,99,4.45
232,Luwuk,ID,2022-01-31 19:55:06,-0.9516,122.7875,76.73,81,70,4.65
233,San Quintin,MX,2022-01-31 19:55:07,30.4833,-115.95,64.98,50,90,9.89
234,Barra Do Garcas,BR,2022-01-31 19:55:07,-15.89,-52.2567,77.58,94,75,5.44
235,Sola,VU,2022-01-31 19:55:07,-13.8833,167.55,81.39,76,100,11.68
236,Severo-Kurilsk,RU,2022-01-31 19:55:08,50.6789,156.125,28.36,75,100,17.49
237,Pauini,BR,2022-01-31 19:55:08,-7.7136,-66.9764,87.1,56,86,3.38
238,Benghazi,LY,2022-01-31 19:55:08,32.1167,20.0667,58.55,68,50,16.02
239,Kattivakkam,IN,2022-01-31 19:55:09,13.2167,80.3167,75.29,72,6,4.99
240,Saugus,US,2022-01-31 19:55:09,42.4648,-71.01,33.53,49,96,1.99
241,Touros,BR,2022-01-31 19:55:09,-5.1989,-35.4608,86.9,69,27,14.54
242,San Pedro De Macoris,DO,2022-01-31 19:55:10,18.4616,-69.2972,86.61,54,0,8.72
243,Houston,US,2022-01-31 19:51:06,29.7633,-95.3633,61.32,87,75,5.99
244,Popondetta,PG,2022-01-31 19:55:10,-8.7537,148.2534,73.42,93,100,2.48
245,Benguela,AO,2022-01-31 19:55:10,-12.5763,13.4055,76.51,75,100,3.38
246,Motta Di Livenza,IT,2022-01-31 19:55:11,45.7781,12.6028,41.41,90,47,4.29
247,Namibe,AO,2022-01-31 19:55:11,-15.1961,12.1522,72.73,74,95,7.9
248,Prudentopolis,BR,2022-01-31 19:55:11,-25.2131,-50.9778,82.31,45,64,2.66
249,Gurupi,BR,2022-01-31 19:55:12,-11.7292,-49.0686,77.92,86,100,0.81
250,Kavaratti,IN,2022-01-31 19:55:12,10.5669,72.642,80.69,71,3,10.07
251,Krasnoselkup,RU,2022-01-31 19:55:12,65.7,82.4667,10.18,95,100,9.48
252,Serenje,ZM,2022-01-31 19:55:13,-13.2325,30.2352,60.53,97,16,2.06
253,Ecija,ES,2022-01-31 19:55:13,37.5422,-5.0826,59.86,50,0,3.31
254,Eydhafushi,MV,2022-01-31 19:55:13,5.1033,73.0708,82.38,78,39,16.26
255,Mogadishu,SO,2022-01-31 19:55:14,2.0371,45.3438,77.65,85,38,19.44
256,Tual,ID,2022-01-31 19:55:14,-5.6667,132.75,83.86,76,100,21.54
257,Aberdeen,GB,2022-01-31 19:55:14,57.1437,-2.0981,42.49,75,100,9.22
258,Isangel,VU,2022-01-31 19:55:15,-19.55,169.2667,77.52,92,100,13.49
259,Dangtu,CN,2022-01-31 19:55:15,31.5723,118.4928,35.65,77,100,6.29
260,Moerai,PF,2022-01-31 19:55:16,-22.4333,-151.3333,79.86,77,20,19.64
261,Pareora,NZ,2022-01-31 19:55:16,-44.4871,171.2132,63.18,97,100,6.11
262,Ahuimanu,US,2022-01-31 19:55:16,21.4447,-157.8378,77.77,71,75,4.61
263,Obidos,BR,2022-01-31 19:50:23,-1.9175,-55.5181,81.59,74,75,5.06
264,Henties Bay,NA,2022-01-31 19:55:17,-22.116,14.2845,68.86,81,100,2.44
265,Hofn,IS,2022-01-31 19:55:17,64.2539,-15.2082,26.62,93,100,12.66
266,Dali,CN,2022-01-31 19:55:17,25.7,100.1833,41.23,87,59,3.76
267,Welkom,ZA,2022-01-31 19:55:18,-27.9864,26.7066,70.36,75,98,9.35
268,Iquique,CL,2022-01-31 19:55:18,-20.2208,-70.1431,75.24,66,0,5.55
269,Olinda,BR,2022-01-31 19:56:19,-8.0089,-34.8553,83.93,70,20,6.91
270,Hervey Bay,AU,2022-01-31 19:56:19,-25.2986,152.8535,76.03,83,62,7.18
271,Northam,GB,2022-01-31 19:56:19,51.0333,-4.2167,48.61,87,62,17.11
272,Komsomolskiy,UZ,2022-01-31 19:56:20,40.4272,71.7189,29.62,86,100,4.61
273,Magadan,RU,2022-01-31 19:56:20,59.5667,150.8,1.62,76,80,13.02
274,Quatre Cocos,MU,2022-01-31 19:56:20,-20.2078,57.7625,80.71,81,37,24.34
275,Van,TR,2022-01-31 19:56:21,38.4924,43.3831,20.23,80,100,6.64
276,Sahibganj,IN,2022-01-31 19:56:21,25.25,87.65,59.07,60,0,2.26
277,Kudahuvadhoo,MV,2022-01-31 19:56:21,2.6708,72.8944,82.63,75,46,10.18
278,Emirdag,TR,2022-01-31 19:56:22,39.0197,31.15,20.88,88,26,5.3
279,Marang,MY,2022-01-31 19:56:22,5.2056,103.2059,78.71,85,49,2.33
280,Bethel,US,2022-01-31 19:56:22,41.3712,-73.414,31.64,42,100,1.01
281,Thompson,CA,2022-01-31 19:53:17,55.7435,-97.8558,1.56,78,100,6.91
282,Lamu,KE,2022-01-31 19:56:23,-2.2717,40.902,76.75,86,76,9.37
283,Nuuk,GL,2022-01-31 19:56:23,64.1835,-51.7216,18.88,67,100,13.0
284,Mayskiy,RU,2022-01-31 19:56:23,47.6931,40.1025,35.01,89,100,13.65
285,Rawson,AR,2022-01-31 19:56:24,-43.3002,-65.1023,75.04,24,87,8.23
286,Correia Pinto,BR,2022-01-31 19:56:24,-27.5847,-50.3611,81.55,40,82,5.59
287,Biak,ID,2022-01-31 19:56:24,-0.9131,122.8766,75.94,82,65,4.94
288,Mayahi,NE,2022-01-31 19:56:25,13.9553,7.6712,63.39,11,5,14.16
289,Firozpur,IN,2022-01-31 19:56:25,30.9167,74.6,53.82,73,0,4.7
290,Lhokseumawe,ID,2022-01-31 19:54:16,5.1801,97.1507,76.48,84,100,3.49
291,Lompoc,US,2022-01-31 19:55:11,34.6391,-120.4579,69.19,68,0,3.44
292,Kodiak,US,2022-01-31 19:56:26,57.79,-152.4072,28.44,84,67,0.65
293,Methoni,GR,2022-01-31 19:56:26,36.8197,21.7049,51.22,67,94,7.16
294,Kavieng,PG,2022-01-31 19:56:27,-2.5744,150.7967,79.77,80,100,6.76
295,Clyde River,CA,2022-01-31 19:56:27,70.4692,-68.5914,-30.77,68,0,3.44
296,Orange,US,2022-01-31 19:56:27,33.7,-117.7675,67.23,59,100,1.01
297,Fare,PF,2022-01-31 19:56:28,-16.7,-151.0167,81.1,70,3,17.67
298,Saskylakh,RU,2022-01-31 19:56:28,71.9167,114.0833,-28.25,100,91,1.97
299,Lakatoro,VU,2022-01-31 19:56:28,-16.0999,167.4164,79.54,87,100,6.91
300,Faya,SA,2022-01-31 19:56:29,18.3851,42.4509,57.31,78,1,6.13
301,Matara,LK,2022-01-31 19:56:29,5.9485,80.5353,73.06,91,0,9.1
302,Praia,CV,2022-01-31 19:56:29,14.9215,-23.5087,70.34,83,0,11.5
303,Pisco,PE,2022-01-31 19:56:30,-13.7,-76.2167,77.05,57,0,14.97
304,Saint-Pierre,RE,2022-01-31 19:56:30,-21.3393,55.4781,78.48,78,75,10.36
305,Ameca,MX,2022-01-31 19:56:30,20.55,-104.0333,80.42,17,0,8.68
306,Caceres,ES,2022-01-31 19:56:31,39.522,-6.3748,46.76,58,0,5.68
307,Ariquemes,BR,2022-01-31 19:56:31,-9.9133,-63.0408,73.85,98,99,2.01
308,Batemans Bay,AU,2022-01-31 19:56:31,-35.7167,150.1833,69.19,95,8,3.38
309,Bani Walid,LY,2022-01-31 19:56:32,31.7566,13.9942,54.03,33,50,9.48
310,Yerbogachen,RU,2022-01-31 19:56:32,61.2767,108.0108,-9.2,100,98,2.82
311,Salalah,OM,2022-01-31 19:56:32,17.0151,54.0924,68.97,66,1,2.53
312,Catamayo,EC,2022-01-31 19:56:33,-3.9833,-79.35,79.05,50,75,10.36
313,Orocue,CO,2022-01-31 19:57:33,4.7912,-71.3354,97.48,20,92,11.45
314,Akdepe,TM,2022-01-31 19:57:33,42.0551,59.3788,30.29,76,13,10.42
315,Katsuura,JP,2022-01-31 19:57:34,35.1333,140.3,41.14,47,72,8.79
316,Vardo,NO,2022-01-31 19:57:34,70.3705,31.1107,17.58,86,0,19.57
317,Salihorsk,BY,2022-01-31 19:57:34,52.7876,27.5415,24.98,91,92,13.02
318,Maubin,MM,2022-01-31 19:57:35,16.7333,95.65,66.36,73,76,5.82
319,Longyearbyen,SJ,2022-01-31 19:57:35,78.2186,15.6401,10.24,72,75,12.66
320,Xining,CN,2022-01-31 19:57:35,36.6167,101.7667,11.64,70,100,2.39
321,Tilbury,GB,2022-01-31 19:57:36,51.4625,0.3586,43.54,71,29,10.69
322,Kybartai,LT,2022-01-31 19:57:36,54.6386,22.7632,25.66,90,98,10.31
323,Mathathane,BW,2022-01-31 19:57:36,-22.2687,28.7495,75.38,56,0,11.95
324,Bambous Virieux,MU,2022-01-31 19:57:36,-20.3428,57.7575,80.85,78,75,18.41
325,Petropavl,KZ,2022-01-31 19:57:37,54.8753,69.1628,22.55,95,100,11.23
326,Werda,BW,2022-01-31 19:57:37,-25.2667,23.2833,76.15,55,97,6.4
327,Biloela,AU,2022-01-31 19:57:37,-24.4167,150.5,72.32,91,12,3.4
328,Sengiley,RU,2022-01-31 19:57:38,53.9622,48.7944,30.27,95,100,16.33
329,Maldonado,UY,2022-01-31 19:54:26,-34.6667,-54.9167,72.79,50,9,14.67
330,Payo,ID,2022-01-31 19:57:38,-3.7508,103.6372,72.55,96,100,1.57
331,Kerouane,GN,2022-01-31 19:57:38,9.2667,-9.0167,79.38,13,73,2.68
332,Turukhansk,RU,2022-01-31 19:57:39,65.8167,87.9833,9.93,94,100,13.11
333,Kieta,PG,2022-01-31 19:57:39,-6.2167,155.6333,79.5,86,100,3.74
334,Celestun,MX,2022-01-31 19:57:39,20.8667,-90.4,79.02,48,1,2.93
335,Jieshi,CN,2022-01-31 19:57:40,22.8134,115.8257,51.94,86,100,11.16
336,Tsabong,BW,2022-01-31 19:57:40,-26.0217,22.401,75.61,63,100,5.57
337,Placido De Castro,BR,2022-01-31 19:57:40,-10.3353,-67.1856,83.28,74,84,2.86
338,Bosaso,SO,2022-01-31 19:57:41,11.2842,49.1816,76.69,80,67,9.69
339,Carbonia,IT,2022-01-31 19:57:41,39.1672,8.5222,54.0,73,92,24.92
340,Neustrelitz,DE,2022-01-31 19:57:42,53.3667,13.0833,34.21,83,99,5.86
341,Chokurdakh,RU,2022-01-31 19:57:42,70.6333,147.9167,-21.51,98,100,1.45
342,Gorakhpur,IN,2022-01-31 19:57:42,29.45,75.6833,53.94,50,0,4.5
343,Jadu,LY,2022-01-31 19:57:43,31.953,12.0261,48.09,32,97,10.87
344,Lata,PT,2022-01-31 19:57:43,40.1629,-8.3327,48.61,69,0,2.42
345,Boguchar,RU,2022-01-31 19:57:43,49.9358,40.545,30.79,93,97,15.75
346,Lebu,CL,2022-01-31 19:57:44,-37.6167,-73.65,61.74,64,0,19.93
347,Pangody,RU,2022-01-31 19:57:44,65.85,74.4859,-11.34,100,100,6.17
348,Souillac,MU,2022-01-31 19:57:44,-20.5167,57.5167,80.98,78,75,18.41
349,Norman Wells,CA,2022-01-31 19:52:59,65.282,-126.8329,5.04,72,75,12.66
350,Kimbe,PG,2022-01-31 19:57:45,-5.5502,150.1429,75.6,95,100,1.92
351,Nouadhibou,MR,2022-01-31 19:57:45,20.931,-17.0347,67.98,77,100,11.5
352,Odweyne,SO,2022-01-31 19:57:45,9.4092,45.064,66.18,49,72,5.35
353,Leningradskiy,RU,2022-01-31 19:57:46,69.3833,178.4167,-18.72,95,30,8.28
354,Acapulco,MX,2022-01-31 19:54:16,16.8634,-99.8901,83.41,56,0,9.93
355,Coquimbo,CL,2022-01-31 19:53:16,-29.9533,-71.3436,67.73,72,20,13.8
356,Puerto Escondido,MX,2022-01-31 19:57:46,15.85,-97.0667,84.87,61,2,12.26
357,Wewak,PG,2022-01-31 19:57:47,-3.5534,143.6268,76.08,86,100,2.66
358,Malakal,SS,2022-01-31 19:52:50,9.5334,31.6605,77.43,15,2,8.9
359,Kasongo-Lunda,CD,2022-01-31 19:58:47,-6.4667,16.8167,70.14,97,99,1.36
360,Piacabucu,BR,2022-01-31 19:58:47,-10.4056,-36.4344,82.56,70,10,9.55
361,Tadine,NC,2022-01-31 19:58:48,-21.55,167.8833,77.94,87,100,1.99
362,Soyo,AO,2022-01-31 19:58:48,-6.1349,12.3689,79.32,86,100,6.78
363,Topolobampo,MX,2022-01-31 19:58:48,25.6,-109.05,75.69,33,87,13.04
364,Shenzhen,CN,2022-01-31 19:58:49,22.5455,114.0683,57.22,95,99,6.55
365,Port-Gentil,GA,2022-01-31 19:58:49,-0.7193,8.7815,82.36,78,40,8.05
366,Cap Malheureux,MU,2022-01-31 19:58:49,-19.9842,57.6142,81.09,70,41,8.01
367,Bandarbeyla,SO,2022-01-31 19:58:49,9.4942,50.8122,76.78,78,37,15.73
368,Vilcun,CL,2022-01-31 19:58:50,-38.65,-72.2333,70.54,25,0,6.96
369,Vanavara,RU,2022-01-31 19:58:50,60.34,102.2797,-7.01,100,93,1.68
370,Castelo Do Piaui,BR,2022-01-31 19:58:50,-5.3222,-41.5525,92.5,32,36,6.29
371,Scarborough,GB,2022-01-31 19:58:51,54.2797,-0.4044,41.07,78,100,1.99
372,Port Macquarie,AU,2022-01-31 19:58:51,-31.4333,152.9167,69.89,100,100,0.0
373,Jumla,NP,2022-01-31 19:58:51,29.2747,82.1838,32.05,80,30,4.59
374,Torbay,CA,2022-01-31 19:58:52,47.6666,-52.7314,34.75,69,40,17.27
375,Tiksi,RU,2022-01-31 19:58:52,71.6872,128.8694,-11.22,99,100,6.71
376,Sakakah,SA,2022-01-31 19:58:52,29.9697,40.2064,53.17,47,1,15.93
377,Cartagena,CO,2022-01-31 19:58:53,10.3997,-75.5144,85.62,62,20,16.11
378,Darien,US,2022-01-31 19:58:53,41.752,-87.974,35.29,62,63,5.01
379,Hvolsvollur,IS,2022-01-31 19:58:53,63.7533,-20.2243,35.82,90,100,17.13
380,Poum,NC,2022-01-31 19:58:54,-20.2333,164.0167,80.13,77,100,15.64
381,Bajina Basta,RS,2022-01-31 19:58:54,43.9708,19.5675,34.48,98,100,2.53
382,Bajil,YE,2022-01-31 19:58:54,15.0584,43.2851,78.75,64,25,2.01
383,Muncar,ID,2022-01-31 19:58:55,-8.4333,114.3333,75.65,89,100,3.09
384,Arlit,NE,2022-01-31 19:58:55,18.7369,7.3853,60.3,16,0,11.1
385,Maniitsoq,GL,2022-01-31 19:58:55,65.4167,-52.9,12.2,69,100,19.26
386,Yeppoon,AU,2022-01-31 19:58:56,-23.1333,150.7333,73.18,89,16,3.22
387,Tezu,IN,2022-01-31 19:58:56,27.9167,96.1667,54.1,81,99,3.71
388,Hovd,MN,2022-01-31 19:58:56,48.0056,91.6419,-13.09,80,16,1.95
389,Sharan,RU,2022-01-31 19:58:57,54.8167,54.0,26.2,94,100,15.43
390,Nacala,MZ,2022-01-31 19:58:57,-14.5428,40.6728,75.52,87,8,4.9
391,Bilibino,RU,2022-01-31 19:58:57,68.0546,166.4372,5.67,70,100,4.12
392,Trinidad,BO,2022-01-31 19:58:58,-14.8333,-64.9,87.78,62,75,17.27
393,Port Hardy,CA,2022-01-31 19:58:58,50.6996,-127.4199,43.75,87,40,8.05
394,La Paz,BO,2022-01-31 19:55:00,-16.5,-68.15,51.78,76,75,8.05
395,Roald,NO,2022-01-31 19:58:58,62.5833,6.1333,33.01,74,20,9.22
396,Cardston,CA,2022-01-31 19:55:33,49.2,-113.3019,20.01,86,100,11.5
397,Assiniboia,CA,2022-01-31 19:58:59,49.6334,-105.9845,35.42,69,100,29.93
398,Tabas,IR,2022-01-31 19:58:59,33.5959,56.9244,48.78,25,99,1.68
399,Campos,BR,2022-01-31 19:59:00,-21.75,-41.3,89.65,48,20,6.91
400,Cabedelo,BR,2022-01-31 19:59:00,-6.9811,-34.8339,84.87,70,33,13.6
401,Koumac,NC,2022-01-31 19:59:00,-20.5667,164.2833,78.35,81,100,8.84
402,Ostrovnoy,RU,2022-01-31 19:59:01,68.0531,39.5131,12.07,89,100,4.27
403,Energetik,RU,2022-01-31 19:59:01,51.7445,58.7934,11.8,97,97,3.58
404,Hualmay,PE,2022-01-31 19:59:01,-11.0964,-77.6139,75.18,72,100,10.98
405,Lagoa,PT,2022-01-31 20:00:02,39.05,-27.9833,58.71,77,17,24.23
406,Kyra,RU,2022-01-31 20:00:04,49.5776,111.9753,-11.45,95,59,4.45
407,Tura,IN,2022-01-31 20:00:07,25.5198,90.2201,53.83,63,0,3.91
408,Burns Lake,CA,2022-01-31 20:00:09,54.2331,-125.7533,20.37,89,98,1.79
409,Gunnedah,AU,2022-01-31 20:00:11,-30.9833,150.25,65.82,68,7,2.35
410,Ternate,ID,2022-01-31 20:00:12,0.8,127.4,79.29,80,100,5.59
411,Mandal,IN,2022-01-31 20:00:13,25.45,74.5667,61.36,55,0,3.38
412,La Ronge,CA,2022-01-31 20:00:14,55.1001,-105.2842,8.92,94,100,13.2
413,Albufeira,PT,2022-01-31 19:59:13,37.0882,-8.2503,57.04,52,0,9.91
414,Gabriel Leyva Solano,MX,2022-01-31 20:00:15,25.6667,-108.6417,81.7,18,88,6.98
415,Tomatlan,MX,2022-01-31 20:00:16,19.9333,-105.25,91.06,25,0,9.75
416,Ambulu,ID,2022-01-31 20:00:17,-8.345,113.6058,75.96,91,100,3.33
417,Mount Darwin,ZW,2022-01-31 20:00:18,-16.7725,31.5838,65.43,95,1,3.04
418,Puerto Carreno,CO,2022-01-31 20:00:18,6.189,-67.4859,97.32,22,61,7.38
419,Purwodadi,ID,2022-01-31 20:00:19,-7.0868,110.9158,74.34,92,78,2.8
420,Helong,CN,2022-01-31 20:00:20,42.5397,128.9972,9.41,89,99,2.64
421,Buchanan,LR,2022-01-31 20:00:21,5.8808,-10.0467,82.36,83,35,7.02
422,Erechim,BR,2022-01-31 20:00:21,-27.6342,-52.2739,85.62,29,28,5.68
423,Sheffield,GB,2022-01-31 19:56:54,53.383,-1.4659,46.15,82,59,1.99
424,Canutama,BR,2022-01-31 20:00:22,-6.5339,-64.3831,85.44,69,84,2.15
425,Bintulu,MY,2022-01-31 20:00:22,3.1667,113.0333,76.82,87,86,1.95
426,Karratha,AU,2022-01-31 20:00:23,-20.7377,116.8463,82.4,80,98,14.81
427,Bauska,LV,2022-01-31 20:00:24,56.4075,24.1906,26.35,94,99,12.01
428,Qaqortoq,GL,2022-01-31 20:00:24,60.7167,-46.0333,23.27,92,100,12.84
429,Half Moon Bay,US,2022-01-31 19:59:25,37.4636,-122.4286,61.11,78,0,3.0
430,San Carlos De Bariloche,AR,2022-01-31 20:00:24,-41.1456,-71.3082,75.43,33,0,11.05
431,Mumford,GH,2022-01-31 20:00:25,5.2618,-0.759,78.6,76,90,7.85
432,Albury,AU,2022-01-31 19:57:04,-36.0833,146.9167,72.01,100,75,0.0
433,Prado,BR,2022-01-31 20:00:25,-17.3411,-39.2208,81.61,78,2,13.15
434,Arrecife,ES,2022-01-31 20:00:26,28.963,-13.5477,69.87,40,0,8.05
435,Bolgar,RU,2022-01-31 20:00:26,54.95,49.0667,31.26,92,100,16.84
436,Yumen,CN,2022-01-31 20:00:26,40.2833,97.2,16.81,28,100,7.63
437,Verkhoyansk,RU,2022-01-31 20:00:27,67.5447,133.385,-30.05,99,100,1.07
438,Vredendal,ZA,2022-01-31 20:00:27,-31.6683,18.5012,81.93,39,71,5.59
439,Behbahan,IR,2022-01-31 20:00:28,30.5959,50.2417,55.85,63,100,9.71
440,Santa Rosa,PH,2022-01-31 20:00:28,14.3122,121.1114,78.1,77,71,12.08
441,Ampanihy,MG,2022-01-31 20:00:29,-24.7,44.75,71.47,78,13,11.81
442,Gazimurskiy Zavod,RU,2022-01-31 20:00:29,51.5461,118.3266,-24.12,100,77,1.52
443,Sironj,IN,2022-01-31 20:00:29,24.1,77.7,60.33,51,0,5.08
444,Dillon,US,2022-01-31 20:00:30,34.4166,-79.3712,61.03,41,31,4.07
445,Grand Gaube,MU,2022-01-31 20:00:30,-20.0064,57.6608,80.38,71,34,10.0
446,Waingapu,ID,2022-01-31 20:00:30,-9.6567,120.2641,78.19,84,85,13.69
447,Ayorou,NE,2022-01-31 20:00:31,14.7308,0.9174,73.72,13,0,10.96
448,Avigliano,IT,2022-01-31 20:00:31,40.7329,15.72,40.68,76,100,4.94
449,San Agustin,MX,2022-01-31 20:00:31,20.5333,-103.4667,76.33,27,0,10.13
450,Srivardhan,IN,2022-01-31 20:01:32,18.0333,73.0167,69.91,57,5,7.54
451,Ca Mau,VN,2022-01-31 19:58:10,9.1769,105.15,74.35,90,2,3.94
452,Thinadhoo,MV,2022-01-31 20:01:32,0.5333,72.9333,83.01,72,29,12.91
453,Marsh Harbour,BS,2022-01-31 20:01:33,26.5412,-77.0636,64.96,50,0,8.14
454,Urumqi,CN,2022-01-31 19:59:45,43.801,87.6005,-4.85,84,75,2.24
455,Gonen,TR,2022-01-31 20:01:33,40.1049,27.654,36.5,77,52,6.46
456,Kikwit,CD,2022-01-31 20:01:33,-5.041,18.8162,71.85,93,100,3.67
457,Kysyl-Syr,RU,2022-01-31 20:01:34,63.8986,122.7617,-30.51,100,51,3.83
458,Nisia Floresta,BR,2022-01-31 20:01:34,-6.0911,-35.2086,82.56,67,24,11.68
459,Dosso,NE,2022-01-31 20:01:34,13.049,3.1937,71.98,13,1,10.31
460,Santo Domingo,DO,2022-01-31 19:58:01,18.5001,-69.9886,82.08,72,75,1.99
461,Laramie,US,2022-01-31 20:01:01,41.3114,-105.5911,46.9,49,0,28.36
462,Sile,TR,2022-01-31 20:01:35,41.1754,29.6133,39.87,57,6,8.23
463,Cockburn Town,TC,2022-01-31 20:01:36,21.4612,-71.1419,72.75,77,99,24.61
464,Tuatapere,NZ,2022-01-31 20:01:36,-46.1333,167.6833,62.82,81,25,2.13
465,Namatanai,PG,2022-01-31 20:01:36,-3.6667,152.4333,78.8,82,100,2.77
466,Darlington,GB,2022-01-31 19:57:06,54.5243,-1.5504,42.93,75,20,8.05
467,Loreto,MX,2022-01-31 20:01:37,22.2667,-101.9667,72.95,14,96,26.82
468,Ambilobe,MG,2022-01-31 20:01:37,-13.2,49.05,74.68,93,79,2.35
469,Shingu,JP,2022-01-31 20:00:09,33.7333,135.9833,34.92,71,8,5.77
470,Okha,RU,2022-01-31 20:00:30,53.5739,142.9478,3.63,91,99,25.34
471,Shakawe,BW,2022-01-31 20:01:37,-18.3667,21.85,66.38,91,91,6.44
472,Florianopolis,BR,2022-01-31 20:01:38,-27.6146,-48.5012,82.35,84,11,1.99
473,Bardsir,IR,2022-01-31 20:01:38,29.9227,56.5743,44.92,38,1,6.49
474,Geraldton,AU,2022-01-31 20:01:39,-28.7667,114.6,68.41,64,19,14.97
475,Great Yarmouth,GB,2022-01-31 20:01:39,52.6083,1.7305,41.95,76,26,12.3
476,Broken Hill,AU,2022-01-31 20:01:39,-31.95,141.4333,74.75,72,100,11.9
477,Simplicio Mendes,BR,2022-01-31 20:01:40,-7.8539,-41.9103,87.04,43,73,0.36
478,Tabuk,PH,2022-01-31 20:01:40,17.4189,121.4443,68.38,96,97,3.56
479,Chibuto,MZ,2022-01-31 20:01:40,-24.6867,33.5306,74.12,74,73,6.2
480,Baykit,RU,2022-01-31 20:01:41,61.67,96.37,-3.48,100,100,1.07
481,Victor Harbor,AU,2022-01-31 20:01:41,-35.5667,138.6167,66.29,74,29,3.0
482,Kuryk,KZ,2022-01-31 20:01:41,43.2,51.65,40.73,83,12,9.69
483,Suining,CN,2022-01-31 20:01:42,30.508,105.5733,45.82,78,85,4.59
484,Male,MV,2022-01-31 20:00:20,4.1748,73.5089,82.56,77,19,14.05
485,Winneba,GH,2022-01-31 20:01:42,5.3511,-0.6231,77.88,75,70,7.56
486,Arfara,GR,2022-01-31 20:01:42,37.15,22.0333,49.95,80,91,1.14
487,Iracoubo,GF,2022-01-31 20:01:43,5.4802,-53.2011,78.89,80,100,10.02
488,Mehran,IR,2022-01-31 20:01:43,33.1222,46.1646,54.05,38,100,6.98
489,Mutare,ZW,2022-01-31 20:01:43,-18.9707,32.6709,62.89,98,21,3.49
490,Cayenne,GF,2022-01-31 20:01:38,4.9333,-52.3333,84.24,81,100,5.01
491,Itarema,BR,2022-01-31 20:01:44,-2.9248,-39.9167,82.78,73,25,15.05
492,Stephenville,US,2022-01-31 19:59:51,32.2207,-98.2023,68.77,47,75,6.91
493,Hay River,CA,2022-01-31 20:00:08,60.8156,-115.7999,-5.39,92,99,10.4
494,Sandomierz,PL,2022-01-31 20:01:44,50.6827,21.749,36.66,88,100,3.85
495,Nagutskoye,RU,2022-01-31 20:02:45,44.4415,42.8762,26.82,88,100,2.98
496,Avanigadda,IN,2022-01-31 20:02:45,16.0215,80.9181,67.05,88,6,1.14
497,Hambantota,LK,2022-01-31 20:02:45,6.1241,81.1185,76.23,82,4,16.75
498,Jutai,BR,2022-01-31 20:02:45,-5.1833,-68.9,87.73,56,100,3.8
499,Laurel,US,2022-01-31 20:02:46,39.0993,-76.8483,38.77,52,100,1.01
500,Rabat,MA,2022-01-31 20:02:46,33.9911,-6.8401,58.15,87,0,0.0
501,Agirish,RU,2022-01-31 20:02:47,61.9247,63.0231,-8.36,100,100,1.05
502,Panalingaan,PH,2022-01-31 20:02:47,8.7842,117.4231,77.25,85,5,3.27
503,Vilhena,BR,2022-01-31 20:02:47,-12.7406,-60.1458,68.16,98,100,4.47
504,Port Hedland,AU,2022-01-31 20:02:48,-20.3167,118.5667,82.45,89,100,10.36
505,Erbaa,TR,2022-01-31 20:02:48,40.6689,36.5675,38.19,99,100,1.48
506,Banes,CU,2022-01-31 20:02:48,20.9625,-75.7186,74.01,72,99,14.2
507,Marsabit,KE,2022-01-31 20:02:48,2.3284,37.9899,70.84,42,90,7.23
508,Fernie,CA,2022-01-31 20:02:49,49.5,-115.0687,28.35,91,100,5.7
509,Grizanon,GR,2022-01-31 20:02:49,39.6333,22.05,42.1,70,100,2.17
510,Mabaruma,GY,2022-01-31 20:02:49,8.2,-59.7833,82.38,68,99,7.34
511,Pangnirtung,CA,2022-01-31 20:02:50,66.1451,-65.7125,-29.83,91,96,3.33
512,Anchorage,US,2022-01-31 20:02:50,61.2181,-149.9003,18.32,87,100,4.61
513,Progreso,MX,2022-01-31 20:02:50,21.2833,-89.6667,82.51,49,2,11.12
514,Grindavik,IS,2022-01-31 20:02:51,63.8424,-22.4338,41.47,75,75,32.21
515,Quibdo,CO,2022-01-31 19:59:56,5.6947,-76.6611,84.54,70,75,5.75
516,Bensonville,LR,2022-01-31 20:02:51,6.4461,-10.6125,80.15,85,37,5.48
517,Pavlodar,KZ,2022-01-31 20:02:51,52.3,76.95,21.0,93,100,4.47
518,The Pas,CA,2022-01-31 20:02:52,53.8251,-101.2541,12.83,94,100,9.51
519,Rawah,IQ,2022-01-31 20:02:52,34.4816,41.9093,46.06,80,100,16.35
520,Naze,JP,2022-01-31 20:02:52,28.3667,129.4833,52.05,67,39,8.37
521,Inuvik,CA,2022-01-31 20:02:53,68.3499,-133.7218,-1.91,93,100,13.42
522,Lososina,RU,2022-01-31 20:02:53,48.9975,140.3106,7.48,68,100,11.14
523,Yar-Sale,RU,2022-01-31 20:02:53,66.8333,70.8333,-16.24,100,96,5.19
524,Clinton,US,2022-01-31 19:58:20,42.587,-82.9199,33.03,69,5,1.01
525,Algiers,DZ,2022-01-31 20:02:54,36.7525,3.042,46.22,76,0,5.75
526,Carutapera,BR,2022-01-31 20:02:54,-1.195,-46.02,79.93,81,97,6.93
527,Jacareacanga,BR,2022-01-31 20:02:55,-6.2222,-57.7528,79.99,88,100,2.1
528,Gushikawa,JP,2022-01-31 20:02:55,26.3544,127.8686,58.23,79,100,4.61
529,Matagami,CA,2022-01-31 20:02:55,49.7502,-77.6328,2.48,79,100,4.56
530,Havoysund,NO,2022-01-31 20:02:56,70.9963,24.6622,25.03,73,100,8.01
531,Bundaberg,AU,2022-01-31 20:02:56,-24.85,152.35,76.21,92,13,4.45
532,Awjilah,LY,2022-01-31 20:01:40,29.1081,21.2869,56.98,59,48,8.48
533,Dire Dawa,ET,2022-01-31 20:01:52,9.5931,41.8661,67.53,29,6,3.18
534,Ocean City,US,2022-01-31 19:59:12,39.2776,-74.5746,37.22,66,100,5.99
535,Daudnagar,IN,2022-01-31 20:02:56,25.0333,84.4,53.53,71,0,3.44
536,Abdulino,RU,2022-01-31 20:02:57,53.7,53.6667,26.71,96,100,18.3
537,Dunedin,NZ,2022-01-31 20:02:57,-45.8742,170.5036,64.8,81,68,13.0
538,Portsmouth,GB,2022-01-31 20:02:57,50.799,-1.0913,44.51,88,14,5.99
539,Moranbah,AU,2022-01-31 20:02:58,-22.0016,148.0466,74.34,84,16,4.74
540,Maumere,ID,2022-01-31 20:02:58,-8.6199,122.2111,79.27,85,98,13.29
541,Mittweida,DE,2022-01-31 20:02:58,50.9833,12.9833,35.87,94,100,6.49
542,Voznesenskoye,RU,2022-01-31 20:02:59,54.89,42.7569,31.73,97,100,12.82
543,La Primavera,CO,2022-01-31 20:03:59,5.4906,-70.4092,97.43,20,95,10.54
544,Dembi Dolo,ET,2022-01-31 20:03:59,8.5333,34.8,64.51,38,48,5.06
545,Kahului,US,2022-01-31 20:04:00,20.8947,-156.47,79.86,63,0,0.0
546,Zyryanka,RU,2022-01-31 20:04:00,65.75,150.85,-15.09,95,100,10.92
547,Domoni,KM,2022-01-31 20:04:00,-12.2569,44.5319,80.24,83,99,4.74
548,Alta Floresta,BR,2022-01-31 20:00:16,-9.8756,-56.0861,76.33,92,80,3.04
549,Norrtalje,SE,2022-01-31 20:04:01,59.758,18.705,27.01,86,100,9.51
550,Andenes,NO,2022-01-31 20:04:01,69.3143,16.1194,31.98,80,75,16.11
551,Alta Gracia,AR,2022-01-31 20:04:02,-31.6529,-64.4283,86.56,55,22,0.63
552,Logrono,ES,2022-01-31 20:00:23,42.4667,-2.45,47.7,71,100,12.66
553,Miasskoye,RU,2022-01-31 20:04:02,55.2784,61.8905,7.68,100,98,1.77
554,Bure,ET,2022-01-31 20:04:02,10.7,37.0667,60.58,46,64,10.09
555,Ningbo,CN,2022-01-31 20:04:03,29.8782,121.5495,37.94,71,68,2.28
556,Llangefni,GB,2022-01-31 20:04:03,53.2556,-4.3106,47.98,81,100,14.97
557,Baracoa,CU,2022-01-31 20:04:04,20.3467,-74.4958,72.68,83,100,12.82
558,Broome,US,2022-01-31 20:04:04,42.2506,-75.833,31.32,50,0,1.99
559,Suntar,RU,2022-01-31 20:04:04,62.1444,117.6319,-15.41,100,97,2.86
560,Maceio,BR,2022-01-31 20:00:17,-9.6658,-35.7353,87.24,62,20,11.5
561,Ulaanbaatar,MN,2022-01-31 20:04:05,47.9077,106.8832,-25.47,75,0,0.0
562,Hamilton,US,2022-01-31 19:59:22,39.1834,-84.5333,41.76,55,18,1.01
563,Ketchikan,US,2022-01-31 20:04:05,55.3422,-131.6461,39.18,93,40,3.44
564,Marshall,US,2022-01-31 20:04:06,34.3834,-86.3333,60.62,35,0,5.01
565,Iberia,US,2022-01-31 20:04:06,29.9502,-91.7507,72.05,40,0,16.11
566,Vila Velha,BR,2022-01-31 20:04:06,-20.3297,-40.2925,82.35,85,40,5.99
567,Adre,TD,2022-01-31 20:04:07,13.4667,22.2,61.86,18,1,15.59
568,Krasnokamensk,RU,2022-01-31 20:04:07,50.0979,118.0369,-20.29,99,12,3.38
569,Mega,ET,2022-01-31 20:04:07,4.05,38.3,66.15,26,94,4.27
